Model,best_C_used,Threshold_Used,AUC,Accuracy,Recall,Precision,F1
RandomForest,1.0,0.53,0.935483870967742,0.9069767441860465,1.0,0.8857142857142857,0.9393939393939394
XGBoost,1.0,0.53,0.8575268817204301,0.9069767441860465,1.0,0.8857142857142857,0.9393939393939394
LogisticRegression,0.3,0.46,0.9758064516129032,0.8604651162790697,1.0,0.8378378378378378,0.9117647058823529
LinearSVM,0.001,0.17,0.9919354838709677,0.7906976744186046,1.0,0.775,0.8732394366197183
