,Accuracy,Accuracy,Precision,Precision,Recall,Recall,F1,F1,ROC_AUC,ROC_AUC
,mean,std,mean,std,mean,std,mean,std,mean,std
Model,,,,,,,,,,
LinearSVM,0.7951234567901234,0.13436079600283282,0.7907142857142858,0.13082742956479199,1.0,0.0,0.8789660204294352,0.08543867795955135,0.7039517195767195,0.12151065166552476
LogisticRegression,0.811358024691358,0.06259295784830238,0.8528330301785679,0.027995968332560947,0.9126984126984127,0.11251941967268118,0.8784997865983781,0.04649113266279698,0.767691798941799,0.10044898014265258
RandomForest,0.8049691358024691,0.05818767332461289,0.83907074013457,0.03987397302744109,0.9181547619047619,0.09415069321507845,0.8746186813031289,0.04605550288830953,0.7250330687830688,0.18021751052892435
XGBoost,0.8037654320987654,0.06780922497880947,0.8155254091300602,0.09071700465892649,0.9603174603174603,0.06873217490352689,0.8783634665987607,0.051524140381093854,0.7367724867724869,0.08420470665982238
