Model,Threshold_Used,AUC,Accuracy,Recall,Precision,F1
LogisticRegression,0.49,0.9704301075268817,0.8604651162790697,1.0,0.8378378378378378,0.9117647058823529
RandomForest,0.3,0.9650537634408602,0.8604651162790697,1.0,0.8378378378378378,0.9117647058823529
LinearSVM,0.17,0.9919354838709677,0.7906976744186046,1.0,0.775,0.8732394366197183
XGBoost,0.51,0.8951612903225805,0.7906976744186046,1.0,0.775,0.8732394366197183
