Model,k_used,Threshold_Used,AUC,Accuracy,Recall,Precision,F1
LogisticRegression,5,0.4,0.9731182795698925,0.8604651162790697,1.0,0.8378378378378378,0.9117647058823529
RandomForest,8,0.25,0.9166666666666666,0.8604651162790697,1.0,0.8378378378378378,0.9117647058823529
LinearSVM,22,0.17,0.9919354838709677,0.7906976744186046,1.0,0.775,0.8732394366197183
XGBoost,22,0.51,0.8951612903225805,0.7906976744186046,1.0,0.775,0.8732394366197183
