Model,Threshold_Used,AUC,Accuracy,Recall,Precision,F1
MLP,0.39,0.9704301075268817,0.8837209302325582,1.0,0.8611111111111112,0.9253731343283582
