,Accuracy,Accuracy,Precision,Precision,Recall,Recall,F1,F1,ROC_AUC,ROC_AUC,n_selected_features,n_selected_features
,mean,std,mean,std,mean,std,mean,std,mean,std,mean,std
Model,,,,,,,,,,,,
MLP,0.8032716049382715,0.07814207746592386,0.8176406926406926,0.08968819164706006,0.9474206349206349,0.048387890469274636,0.8759550247922342,0.06162932821961919,0.7314814814814815,0.11733780970182593,22.0,0.0
