Model,k_used,Threshold_Used,AUC,Accuracy,Recall,Precision,F1
LogisticRegression,5,0.47,0.9274193548387097,0.8604651162790697,1.0,0.8378378378378378,0.9117647058823529
LinearSVM,22,0.17,0.9919354838709677,0.7906976744186046,1.0,0.775,0.8732394366197183
RandomForest,8,0.21,0.9690860215053764,0.7906976744186046,1.0,0.775,0.8732394366197183
XGBoost,22,0.51,0.8951612903225805,0.7906976744186046,1.0,0.775,0.8732394366197183
