model,accuracy,precision,recall,f1,roc_auc,threshold,pipeline,cv_f1_std,cv_roc_auc_std,n_features,cv_std_for_rank
MLP,0.8837209302325582,0.8611111111111112,1.0,0.9253731343283582,0.9704301075268816,0.39,no_fs,0.0616293282196191,0.1173378097018259,22,0.1173378097018259
Logistic Regression,0.8604651162790697,0.8378378378378378,1.0,0.9117647058823528,0.9704301075268816,0.49,no_fs,0.0608872188111969,0.2706115726790443,22,0.2706115726790443
Random Forest,0.8604651162790697,0.8378378378378378,1.0,0.9117647058823528,0.9650537634408602,0.3,no_fs,0.059540924629798,0.1154359590150026,22,0.1154359590150026
Linear SVM,0.7906976744186046,0.775,1.0,0.8732394366197183,0.9919354838709676,0.17,no_fs,0.0854386779595513,0.1215106516655247,22,0.1215106516655247
XGBoost,0.7906976744186046,0.775,1.0,0.8732394366197183,0.8951612903225805,0.51,no_fs,0.0515241403810938,0.0842047066598223,22,0.0842047066598223
