model,accuracy,precision,recall,f1,roc_auc,threshold,pipeline,cv_f1_std,cv_roc_auc_std,n_features,cv_std_for_rank
Random Forest,0.9069767441860463,0.8857142857142857,1.0,0.9393939393939394,0.935483870967742,0.53,lasso,0.0491364745492428,0.1033962478908487,8,0.1033962478908487
XGBoost,0.9069767441860463,0.8857142857142857,1.0,0.9393939393939394,0.8575268817204301,0.53,lasso,0.0419375512713207,0.0411093946945182,8,0.0419375512713207
MLP,0.8837209302325582,0.8611111111111112,1.0,0.9253731343283582,0.9704301075268816,0.39,no_fs,0.0616293282196191,0.1173378097018259,22,0.1173378097018259
MLP,0.8837209302325582,0.8611111111111112,1.0,0.9253731343283582,0.9704301075268816,0.39,t_test,0.0616293282196191,0.1173378097018259,22,0.1173378097018259
MLP,0.8837209302325582,0.8611111111111112,1.0,0.9253731343283582,0.9704301075268816,0.39,extratrees,0.0616293282196191,0.1173378097018259,22,0.1173378097018259
