k,mean_f1,std_f1,rank
5,0.842692083136066,0.05764458385077037,4
8,0.8143208143208144,0.08509569001157269,7
10,0.8308118749507836,0.03092421160918274,5
12,0.8497076023391813,0.05948262509918789,3
15,0.8246153846153845,0.08714126864633663,6
18,0.8538091393668265,0.048348214743537676,2
22,0.875955024792234,0.05032013577619168,1
